{
  "meta": {
    "node": "v22.22.0",
    "platform": "darwin/arm64",
    "runs": 30,
    "warmupDiscard": 5,
    "steps": 200,
    "convergeMode": "dirty",
    "instrumentation": "off"
  },
  "scenarios": {
    "typical": {
      "dirtyRoots": 1,
      "runs": 30,
      "warmupDiscard": 5,
      "mode": "patches",
      "samplesMs": [
        1.726583000000005,
        2.300958000000037,
        0.9020830000000046,
        1.3569579999999632,
        2.0530829999999582,
        0.6557500000000118,
        0.5262500000000045,
        0.5472089999999525,
        0.5663749999999936,
        0.496167000000014,
        0.4806659999999283,
        0.6637909999999465,
        0.5153329999999414,
        1.848459000000048,
        0.5615830000000415,
        0.48070899999993344,
        0.4787500000001046,
        0.4719159999999647,
        0.4588329999999132,
        0.44925000000000637,
        0.6996669999999767,
        0.46325000000001637,
        0.4543340000000171,
        0.45962499999996,
        0.7421249999999873
      ],
      "stats": {
        "n": 25,
        "medianMs": 0.5472089999999525,
        "p95Ms": 1.848459000000048
      }
    },
    "extreme": {
      "dirtyRoots": 40,
      "runs": 30,
      "warmupDiscard": 5,
      "mode": "dirtyAll",
      "samplesMs": [
        0.9072499999999764,
        0.6536250000000337,
        0.6293339999999716,
        0.7596250000000282,
        0.582958000000076,
        0.5506669999999758,
        0.68262500000003,
        0.5421250000000555,
        0.5948329999999942,
        0.8735410000000456,
        0.5084999999999127,
        0.5105409999999893,
        0.5124159999999165,
        0.49749999999994543,
        0.5140830000000278,
        0.6626249999999345,
        0.5286250000000337,
        0.5010409999999865,
        0.507874999999899,
        0.5417089999999689,
        0.526540999999952,
        0.49083299999995234,
        0.5101660000000265,
        0.4442079999998896,
        0.4258750000000191
      ],
      "stats": {
        "n": 25,
        "medianMs": 0.5286250000000337,
        "p95Ms": 0.7596250000000282
      }
    }
  }
}