{
  "meta": {
    "node": "v22.22.0",
    "platform": "darwin/arm64",
    "runs": 30,
    "warmupDiscard": 5,
    "steps": 200,
    "convergeMode": "dirty",
    "instrumentation": "off"
  },
  "scenarios": {
    "typical": {
      "dirtyRoots": 1,
      "runs": 30,
      "warmupDiscard": 5,
      "mode": "patches",
      "samplesMs": [
        1.6361249999999927,
        2.1197499999999536,
        0.8699159999999893,
        1.4572919999999385,
        0.7727499999999736,
        0.6228750000000218,
        0.4817079999999123,
        0.5578339999999571,
        0.5222080000000915,
        1.6093329999999924,
        0.5582910000000538,
        0.59962500000006,
        0.5070830000000797,
        0.4620830000000069,
        0.44562499999995,
        0.43133399999999256,
        0.40887500000008004,
        0.4215000000000373,
        0.39579200000002857,
        0.40745800000001964,
        0.6210409999999911,
        0.4085420000000113,
        0.5057919999999285,
        0.6147079999999505,
        0.46812499999998636
      ],
      "stats": {
        "n": 25,
        "medianMs": 0.5222080000000915,
        "p95Ms": 1.6093329999999924
      }
    },
    "extreme": {
      "dirtyRoots": 40,
      "runs": 30,
      "warmupDiscard": 5,
      "mode": "dirtyAll",
      "samplesMs": [
        0.8926659999999629,
        0.7457090000000335,
        0.6694579999999632,
        1.5734580000000733,
        0.6380410000000438,
        0.6386670000000549,
        0.7647080000000415,
        0.5754589999999098,
        0.6635420000000067,
        0.6230409999999438,
        0.5131669999999531,
        0.5049169999999776,
        0.48566700000003493,
        0.4851250000000391,
        0.5891670000000886,
        0.55437500000005,
        0.4838330000000042,
        0.4697079999999687,
        0.48345800000004147,
        0.4671660000000202,
        0.708332999999925,
        0.6045840000000453,
        0.6792910000000347,
        0.47683299999994233,
        0.4639999999999418
      ],
      "stats": {
        "n": 25,
        "medianMs": 0.5891670000000886,
        "p95Ms": 0.7647080000000415
      }
    }
  }
}