{
  "meta": {
    "node": "v22.21.1",
    "platform": "darwin/arm64",
    "runs": 30,
    "warmupDiscard": 5,
    "iters": 500,
    "processCount": 5,
    "budgets": {
      "maxP95OverheadOffPct": 1,
      "maxP95OverheadLimitPct": 5
    }
  },
  "results": [
    {
      "id": "S0",
      "processCount": 0,
      "diagnosticsLevel": "off",
      "runs": 30,
      "warmupDiscard": 5,
      "iters": 500,
      "elapsedMs": {
        "samplesMs": [
          44.374458000000004, 41.49533300000007, 41.01574999999991, 40.08899999999994, 40.11712499999999, 41.112167,
          38.7534169999999, 39.42983299999992, 39.1646659999999, 39.624958000000106, 39.12383399999999,
          39.56433399999992, 48.15845800000011, 39.528332999999975, 38.22966599999995, 38.015625, 38.178584,
          38.96920800000021, 37.960624999999936, 37.959333000000015, 37.705999999999904, 37.855792000000065, 38.010041,
          37.96979199999987, 38.08425000000011
        ],
        "stats": {
          "n": 25,
          "p50Ms": 39.12383399999999,
          "p95Ms": 41.49533300000007
        }
      },
      "heapDeltaBytes": {
        "samples": [
          7199048, 22130432, 7241056, 6535600, 6407048, 7221192, 21058152, 6221072, 6153952, 7422544, 6186904, 6205936,
          -121589248, 6088520, 6133384, 20967816, 6057352, 6221160, 6169616, 6129992, 6066792, 6036216, 21111960,
          6151416, 6129208
        ],
        "stats": {
          "n": 25,
          "p50Ms": 6205936,
          "p95Ms": 21058152
        }
      },
      "processEvents": {
        "total": {
          "samples": [0, 0, 0, 0, 0, 0, 0, 0, 0, 0, 0, 0, 0, 0, 0, 0, 0, 0, 0, 0, 0, 0, 0, 0, 0],
          "max": 0
        },
        "triggerDispatch": {
          "samples": [0, 0, 0, 0, 0, 0, 0, 0, 0, 0, 0, 0, 0, 0, 0, 0, 0, 0, 0, 0, 0, 0, 0, 0, 0],
          "max": 0
        }
      }
    },
    {
      "id": "S1.legacy",
      "processCount": 5,
      "diagnosticsLevel": "off",
      "runs": 30,
      "warmupDiscard": 5,
      "iters": 500,
      "elapsedMs": {
        "samplesMs": [
          57.61324999999988, 57.405874999999924, 58.65541699999994, 58.50199999999995, 58.164999999999964,
          60.125375000000076, 57.70575000000008, 58.95991699999968, 63.68391699999984, 59.299125000000004,
          58.41474999999991, 57.91145800000004, 57.828250000000025, 57.778167000000394, 57.59087499999987,
          58.14591700000028, 58.575958000000355, 58.27654200000006, 66.84212499999967, 58.73837500000036,
          58.66533299999992, 58.49320800000032, 58.90350000000035, 58.073457999999846, 57.34320800000023
        ],
        "stats": {
          "n": 25,
          "p50Ms": 58.41474999999991,
          "p95Ms": 60.125375000000076
        }
      },
      "heapDeltaBytes": {
        "samples": [
          22936336, 23034776, 7815792, 8002544, 8095256, 7958912, 8029656, 22626232, -134696568, 7983600, 7975272,
          22856704, 23082808, 23063408, 7921360, 7948496, 7988224, 8003184, -143853528, 7935224, 7949152, 7992792,
          7951856, 8033008, 22672520
        ],
        "stats": {
          "n": 25,
          "p50Ms": 7992792,
          "p95Ms": 23034776
        }
      },
      "processEvents": {
        "total": {
          "samples": [0, 0, 0, 0, 0, 0, 0, 0, 0, 0, 0, 0, 0, 0, 0, 0, 0, 0, 0, 0, 0, 0, 0, 0, 0],
          "max": 0
        },
        "triggerDispatch": {
          "samples": [0, 0, 0, 0, 0, 0, 0, 0, 0, 0, 0, 0, 0, 0, 0, 0, 0, 0, 0, 0, 0, 0, 0, 0, 0],
          "max": 0
        }
      }
    },
    {
      "id": "S1.off",
      "processCount": 5,
      "diagnosticsLevel": "off",
      "runs": 30,
      "warmupDiscard": 5,
      "iters": 500,
      "elapsedMs": {
        "samplesMs": [
          60.61091699999997, 59.09612500000003, 59.603665999999976, 57.66154199999983, 57.763458000000355,
          57.24654199999986, 57.28637500000059, 56.60654100000011, 57.241124999999556, 57.73445900000024,
          65.49474999999984, 58.363500000000386, 57.635958000000755, 58.07066600000053, 57.329083999999966,
          57.19462500000009, 58.05870800000048, 57.70654200000081, 57.6304169999994, 57.00529199999983,
          57.37233300000025, 58.09008300000005, 65.44754199999988, 58.63633300000038, 57.50258300000041
        ],
        "stats": {
          "n": 25,
          "p50Ms": 57.70654200000081,
          "p95Ms": 60.61091699999997
        }
      },
      "heapDeltaBytes": {
        "samples": [
          12943216, 12772992, -2780592, 12461368, 11815144, 12341456, 11872776, 12399568, 12044032, 12406456,
          -109836072, 11974032, 12222360, 11941584, 12287184, 12067408, 12328912, 11980128, 12436552, 12210528,
          12377264, 12092456, -135979552, 12363704, 12115520
        ],
        "stats": {
          "n": 25,
          "p50Ms": 12210528,
          "p95Ms": 12461368
        }
      },
      "processEvents": {
        "total": {
          "samples": [1, 1, 1, 1, 1, 1, 1, 1, 1, 1, 1, 1, 1, 1, 1, 1, 1, 1, 1, 1, 1, 1, 1, 1, 1],
          "max": 1
        },
        "triggerDispatch": {
          "samples": [0, 0, 0, 0, 0, 0, 0, 0, 0, 0, 0, 0, 0, 0, 0, 0, 0, 0, 0, 0, 0, 0, 0, 0, 0],
          "max": 0
        }
      }
    },
    {
      "id": "S1.light",
      "processCount": 5,
      "diagnosticsLevel": "light",
      "runs": 30,
      "warmupDiscard": 5,
      "iters": 500,
      "elapsedMs": {
        "samplesMs": [
          62.70600000000013, 62.22529199999917, 61.947666999999456, 70.30124999999953, 63.29508299999998,
          63.72991699999966, 62.95208300000013, 62.78300000000036, 62.211874999999964, 62.92145899999923,
          62.651708000000326, 63.52666700000009, 63.07879199999934, 63.55633300000045, 70.38870899999984,
          64.43054200000006, 63.12024999999994, 62.43366700000024, 62.93133299999954, 62.38958300000013,
          63.30787500000042, 62.6230829999995, 63.345124999999825, 62.41395899999952, 63.00454200000058
        ],
        "stats": {
          "n": 25,
          "p50Ms": 62.95208300000013,
          "p95Ms": 64.43054200000006
        }
      },
      "heapDeltaBytes": {
        "samples": [
          8993320, 23619168, 8941408, -123602968, 23775304, 8867312, 8766600, 8723624, 8806552, 23810792, 8673112,
          8843336, 8841104, 8867704, -126702456, 8471256, 8915656, 24026088, 8779336, 8755592, 8881184, 23686712,
          8856904, 8734376, 8871688
        ],
        "stats": {
          "n": 25,
          "p50Ms": 8856904,
          "p95Ms": 23775304
        }
      },
      "processEvents": {
        "total": {
          "samples": [
            500, 500, 500, 500, 500, 500, 500, 500, 500, 500, 500, 500, 500, 500, 500, 500, 500, 500, 500, 500, 500,
            500, 500, 500, 500
          ],
          "max": 500
        },
        "triggerDispatch": {
          "samples": [
            500, 500, 500, 500, 500, 500, 500, 500, 500, 500, 500, 500, 500, 500, 500, 500, 500, 500, 500, 500, 500,
            500, 500, 500, 500
          ],
          "max": 500
        }
      }
    },
    {
      "id": "S1.full",
      "processCount": 5,
      "diagnosticsLevel": "full",
      "runs": 30,
      "warmupDiscard": 5,
      "iters": 500,
      "elapsedMs": {
        "samplesMs": [
          62.8182910000005, 62.049958000001425, 62.43370900000082, 62.27099999999882, 62.13166699999965,
          62.12116700000115, 62.62766699999884, 70.90995800000019, 63.79395900000054, 64.99358300000131,
          64.76254199999858, 62.601458000001, 62.197416999999405, 62.32404200000019, 64.09345799999937,
          62.80229199999849, 61.81195800000023, 62.91008299999885, 71.05033300000105, 63.0223330000008,
          62.4937919999993, 62.38774999999987, 62.36787499999991, 62.01308400000016, 62.431666999998924
        ],
        "stats": {
          "n": 25,
          "p50Ms": 62.4937919999993,
          "p95Ms": 64.99358300000131
        }
      },