{
  "mode": "on",
  "samples": {
    "urgentMs": [
      0.38325000000008913,
      0.41654099999982463,
      0.34700000000020736,
      0.3200409999999465,
      0.34275000000002365,
      0.44191699999987577,
      0.5822499999999309,
      0.3242079999999987,
      0.3267079999998259,
      0.45079099999998107,
      0.32237499999996544,
      0.33112499999992906,
      0.3713329999998223,
      0.4332079999999223,
      0.3432080000000042,
      0.3182090000000244,
      0.3093750000000455,
      0.36133399999994253,
      0.30999999999994543,
      0.33187500000008185,
      0.308708999999908,
      0.35066699999993034,
      0.3577499999998963,
      0.37741700000015044,
      0.38649999999984175,
      0.3099169999998139,
      0.43983400000001893,
      0.3199170000000322,
      0.290958000000046,
      0.3133330000000569
    ],
    "catchUpMs": [
      21.728374999999915,
      19.548457999999982,
      18.951000000000022,
      18.54208299999982,
      18.916165999999976,
      19.168083000000024,
      19.230000000000018,
      18.744957999999997,
      18.608124999999973,
      18.704291999999896,
      18.415292000000136,
      19.24045799999999,
      18.89037499999995,
      18.69291700000008,
      18.44054200000005,
      18.641417000000047,
      18.21233300000017,
      18.58100000000013,
      17.950417000000016,
      18.151792000000114,
      18.74420800000007,
      17.348124999999982,
      19.58795800000007,
      18.47654199999988,
      17.32787499999995,
      18.201667000000043,
      18.078125,
      18.278583000000026,
      17.235333999999966,
      17.862458999999944
    ]
  },
  "stats": {
    "urgentMs": {
      "n": 30,
      "p50Ms": 0.34275000000002365,
      "p95Ms": 0.44191699999987577
    },
    "catchUpMs": {
      "n": 30,
      "p50Ms": 18.58100000000013,
      "p95Ms": 19.548457999999982
    }
  }
}
