{
  "mode": "on",
  "samples": {
    "urgentMs": [
      0.3491669999998521,
      0.3960420000000795,
      0.2984169999999722,
      0.3495419999999285,
      0.33912499999996726,
      0.321042000000034,
      0.5236660000000484,
      0.4258750000001328,
      0.3801250000001346,
      0.32387500000004366,
      0.38466700000003584,
      0.2881250000000364,
      0.35120899999992616,
      0.4199580000001788,
      0.351917000000185,
      0.3709999999998672,
      0.30683299999986957,
      0.3070830000001479,
      0.37562500000012733,
      0.35991600000011204,
      0.2658329999999296,
      0.3673750000000382,
      0.37420799999995324,
      0.3967920000000049,
      0.29187500000011823,
      0.3015419999999267,
      0.3042089999999007,
      0.2921249999999418,
      0.3022920000000795,
      0.41324999999983447
    ],
    "catchUpMs": [
      18.973707999999988,
      19.21479199999999,
      18.082042,
      18.464750000000095,
      18.801541000000043,
      18.602082999999993,
      18.156791999999996,
      21.608874999999898,
      18.592791000000034,
      18.537458000000015,
      19.61587499999996,
      18.594916999999896,
      18.484750000000076,
      18.983375000000024,
      18.313084000000117,
      18.7454580000001,
      18.272875000000113,
      17.330041000000165,
      17.765083000000004,
      17.500707999999804,
      17.081666999999925,
      18.315292,
      17.57854199999997,
      21.09629199999995,
      17.014207999999826,
      18.080167000000074,
      18.336292000000185,
      17.111791999999923,
      18.09612500000003,
      17.995125000000144
    ]
  },
  "stats": {
    "urgentMs": {
      "n": 30,
      "p50Ms": 0.3495419999999285,
      "p95Ms": 0.4199580000001788
    },
    "catchUpMs": {
      "n": 30,
      "p50Ms": 18.315292,
      "p95Ms": 19.61587499999996
    }
  }
}
