{
  "mode": "on",
  "samples": {
    "urgentMs": [
      0.40399999999999636,
      0.38362499999993815,
      0.321042000000034,
      0.40037499999994,
      0.3734580000000278,
      0.4871249999998781,
      0.6141669999999522,
      0.28633400000012443,
      0.37487499999997453,
      0.43249999999989086,
      0.3287089999998898,
      0.33770800000002055,
      0.29700000000002547,
      0.38000000000010914,
      0.3542499999998654,
      0.3168329999998605,
      0.31016599999998107,
      0.4330410000000029,
      0.3223330000000715,
      0.32600000000002183,
      0.29329200000006495,
      0.43020799999999326,
      0.3230829999999969,
      0.35016700000005585,
      0.31999999999993634,
      0.3452910000000884,
      0.32216699999980847,
      0.3192079999998896,
      0.3174579999999878,
      0.44666700000016135
    ],
    "catchUpMs": [
      18.499874999999975,
      19.854959000000008,
      18.55249999999978,
      18.347999999999956,
      19.391916000000037,
      19.721500000000106,
      17.911749999999984,
      19.393790999999965,
      18.71049999999991,
      20.260332999999946,
      18.948040999999876,
      18.47874999999999,
      18.530457999999953,
      19.35179100000005,
      18.595084000000043,
      18.025666,
      18.21916699999997,
      18.607334000000037,
      18.539624999999887,
      18.70341600000006,
      17.657874999999876,
      19.66341699999998,
      18.551541999999927,
      18.198709000000008,
      18.41858400000001,
      18.556124999999838,
      17.613583000000062,
      17.80816600000003,
      17.696749999999838,
      18.00970799999982
    ]
  },
  "stats": {
    "urgentMs": {
      "n": 30,
      "p50Ms": 0.33770800000002055,
      "p95Ms": 0.44666700000016135
    },
    "catchUpMs": {
      "n": 30,
      "p50Ms": 18.539624999999887,
      "p95Ms": 19.721500000000106
    }
  }
}
