{
  "mode": "off",
  "samples": {
    "urgentMs": [
      0.5455829999999651,
      0.5146250000000236,
      0.4774999999999636,
      0.4977079999999887,
      0.4140830000000051,
      0.4747499999999718,
      0.4328329999999596,
      0.4583750000000464,
      0.4262499999999818,
      0.4353330000000142,
      0.4199999999999591,
      0.4446249999999736,
      0.3773749999999154,
      0.4216660000000729,
      0.3767090000000053,
      0.45629200000007586,
      0.37545799999998053,
      0.40420800000003965,
      0.38962499999990996,
      0.3947499999999309,
      0.4707499999999527,
      0.4409170000000131,
      0.4444590000000517,
      0.4017499999999927,
      0.3679580000000442,
      0.388541000000032,
      0.37720899999999347,
      0.4201250000000982,
      0.4437920000000304,
      0.40162499999996726
    ],
    "catchUpMs": [
      15.102167000000009,
      6.482375000000047,
      15.383332999999993,
      8.162292000000093,
      14.878125000000068,
      7.5628339999999525,
      15.004584000000023,
      7.612459000000058,
      15.177333999999973,
      7.533749999999941,
      13.536500000000046,
      7.610833000000071,
      12.618458000000032,
      7.38087500000006,
      13.312041000000022,
      7.784792000000039,
      15.063749999999914,
      7.3738329999999905,
      14.190207999999984,
      6.95841699999994,
      13.613040999999953,
      7.519125000000031,
      13.87008400000002,
      7.4704159999998865,
      13.6773340000002,
      7.380167000000029,
      13.388249999999971,
      7.459374999999909,
      15.198416999999836,
      7.275417000000061
    ]
  },
  "stats": {
    "urgentMs": {
      "n": 30,
      "p50Ms": 0.4216660000000729,
      "p95Ms": 0.4977079999999887
    },
    "catchUpMs": {
      "n": 30,
      "p50Ms": 8.162292000000093,
      "p95Ms": 15.177333999999973
    }
  }
}
