{
  "mode": "off",
  "samples": {
    "urgentMs": [
      0.4813330000000633,
      0.510332999999946,
      0.47983300000009876,
      0.49320799999986775,
      0.3994999999999891,
      0.5187920000000759,
      0.5200830000001133,
      0.39745799999991505,
      0.3684579999999187,
      0.37750000000005457,
      0.44575000000008913,
      0.4493750000001455,
      0.4496249999999691,
      0.384708000000046,
      0.5112499999997908,
      0.4509579999999005,
      0.5597919999997885,
      0.4324579999999969,
      0.39620799999988776,
      0.3874590000000353,
      0.36187500000005457,
      0.4123329999999896,
      0.5147500000000491,
      0.45908299999996416,
      0.4322910000000775,
      0.41687500000011823,
      0.4177919999999631,
      0.3734999999999218,
      0.39266600000019025,
      0.37183299999992414
    ],
    "catchUpMs": [
      15.539125000000013,
      7.763750000000073,
      15.134374999999864,
      8.557000000000016,
      15.570457999999917,
      7.426375000000007,
      15.407707999999957,
      7.320791999999983,
      15.242166999999881,
      7.476041000000123,
      15.356375000000071,
      6.271874999999909,
      14.57429100000013,
      6.903166999999939,
      16.583041999999978,
      7.4429170000000795,
      15.700542000000041,
      7.57491600000003,
      13.646124999999984,
      7.361041999999998,
      15.33054100000004,
      7.3866669999999885,
      13.817624999999907,
      7.34720799999991,
      13.956833000000188,
      7.397832999999991,
      15.168750000000045,
      7.316665999999941,
      13.553916000000072,
      7.306333999999879
    ]
  },
  "stats": {
    "urgentMs": {
      "n": 30,
      "p50Ms": 0.4322910000000775,
      "p95Ms": 0.5187920000000759
    },
    "catchUpMs": {
      "n": 30,
      "p50Ms": 8.557000000000016,
      "p95Ms": 15.570457999999917
    }
  }
}
