{
  "mode": "off",
  "samples": {
    "urgentMs": [
      0.5888330000000224,
      0.5033750000000055,
      0.4343330000000378,
      0.497792000000004,
      0.48116700000002766,
      0.5004590000000917,
      0.383083000000056,
      0.4120420000000422,
      0.4025420000000395,
      0.4167499999999791,
      0.42649999999991905,
      0.42799999999999727,
      0.3748330000000806,
      0.37904200000002675,
      0.4595839999999498,
      0.5241250000000264,
      0.48920799999996234,
      0.40391599999998107,
      0.4464590000000044,
      0.4787499999999909,
      0.48716699999999946,
      0.38341700000000856,
      0.4376249999997981,
      0.41504200000008495,
      0.375583000000006,
      0.4575830000001133,
      0.4777499999997872,
      0.4597080000000915,
      0.3773750000000291,
      0.4640829999998459
    ],
    "catchUpMs": [
      15.031583000000069,
      7.437999999999988,
      14.499458000000004,
      8.278916000000095,
      15.596957999999972,
      7.538416999999981,
      15.333958000000052,
      7.468375000000037,
      15.560874999999896,
      7.492999999999938,
      15.085958000000005,
      7.42191600000001,
      15.309665999999993,
      7.3357500000000755,
      14.733708000000092,
      7.478207999999995,
      15.244041999999922,
      7.344041999999945,
      20.809124999999995,
      7.74391700000001,
      14.471250000000055,
      7.448624999999993,
      14.732375000000047,
      7.347333000000162,
      14.74916700000017,
      7.557291999999961,
      13.030416999999943,
      7.519665999999916,
      13.171082999999953,
      7.588833000000022
    ]
  },
  "stats": {
    "urgentMs": {
      "n": 30,
      "p50Ms": 0.4376249999997981,
      "p95Ms": 0.5033750000000055
    },
    "catchUpMs": {
      "n": 30,
      "p50Ms": 8.278916000000095,
      "p95Ms": 15.560874999999896
    }
  }
}
