{
  "meta": {
    "node": "v22.21.1",
    "platform": "darwin/arm64",
    "runs": 30,
    "warmupDiscard": 5,
    "steps": 200,
    "convergeMode": "dirty",
    "instrumentation": "off"
  },
  "scenarios": {
    "typical": {
      "dirtyRoots": 1,
      "runs": 30,
      "warmupDiscard": 5,
      "samplesMs": [
        0.9420840000000226, 0.8448750000000018, 0.5715420000000222, 1.114499999999964, 0.5897500000000377,
        1.466542000000004, 0.38749999999998863, 0.32508300000000645, 0.3062500000000341, 0.30691699999999855,
        0.2549589999999853, 0.26337499999999636, 0.36137500000000955, 0.37187499999998863, 0.3656670000000304,
        0.28604100000001154, 0.297375000000045, 0.3019170000000031, 0.2664169999999899, 0.2765410000000088,
        0.25741699999997536, 0.3592079999999669, 0.360458000000051, 0.3069590000000062, 0.2685000000000173
      ],
      "stats": {
        "n": 25,
        "medianMs": 0.32508300000000645,
        "p95Ms": 0.9420840000000226
      }
    },
    "extreme": {
      "dirtyRoots": 40,
      "runs": 30,
      "warmupDiscard": 5,
      "samplesMs": [
        3.5044170000000463, 2.975708999999995, 2.855875000000026, 3.055999999999983, 2.5380420000000186,
        3.51158300000003, 2.9978340000000117, 3.5823330000000055, 2.8515840000000026, 2.5278749999999945,
        2.7592089999999985, 2.8460420000000113, 2.9254170000000386, 3.3946660000000293, 2.7460829999999987,
        3.061292000000037, 3.146250000000009, 2.8476249999999936, 2.870458000000042, 2.412125000000003,
        2.5322909999999865, 2.7962080000000356, 2.614958999999999, 2.9656249999999886, 2.682666999999981
      ],
      "stats": {
        "n": 25,
        "medianMs": 2.855875000000026,
        "p95Ms": 3.5044170000000463
      }
    }
  }
}
