{
  "meta": {
    "node": "v22.21.1",
    "platform": "darwin/arm64",
    "runs": 30,
    "warmupDiscard": 5,
    "steps": 200,
    "convergeMode": "full",
    "instrumentation": "off"
  },
  "scenarios": {
    "typical": {
      "dirtyRoots": 1,
      "runs": 30,
      "warmupDiscard": 5,
      "samplesMs": [
        3.6717910000000415, 3.3274999999999864, 2.838041999999973, 2.4570000000000505, 2.942457999999988,
        1.8943749999999682, 1.7650830000000042, 1.850541000000021, 3.1245420000000195, 2.0665409999999724,
        1.915707999999995, 2.4011669999999867, 1.6146250000000464, 1.6963330000000383, 1.8603330000000255,
        2.205792000000031, 1.3897080000000415, 1.3701249999999732, 1.4582090000000107, 1.8374999999999773,
        1.3507089999999948, 1.389333000000022, 1.4644170000000258, 1.9389999999999645, 1.466957999999977
      ],
      "stats": {
        "n": 25,
        "medianMs": 1.8603330000000255,
        "p95Ms": 3.1245420000000195
      }
    },
    "extreme": {
      "dirtyRoots": 40,
      "runs": 30,
      "warmupDiscard": 5,
      "samplesMs": [
        3.5450000000000728, 3.4788330000000087, 3.785624999999982, 3.664041999999995, 3.548291000000063,
        3.064666999999986, 3.691332999999986, 3.461416999999983, 3.4791250000000673, 4.065249999999992,
        3.716000000000008, 3.8786249999999427, 3.6472909999999956, 3.4426670000000286, 3.0410830000000715,
        3.6365829999999733, 3.804708000000005, 4.037791999999968, 3.5142499999999472, 2.929666999999995,
        3.45900000000006, 3.6160830000000033, 3.384916999999973, 3.571458000000007, 3.631666999999993
      ],
      "stats": {
        "n": 25,
        "medianMs": 3.571458000000007,
        "p95Ms": 3.8786249999999427
      }
    }
  }
}
