{"scenario":"process.trigger.moduleStateChange.dedupe.off","dataset":{"events":120000,"duplicateRatio":0.9,"uniquePool":2048,"seed":20260225},"run":{"iterations":30,"warmup":5},"behavior":{"expectedAccepted":11968,"legacyAccepted":11968,"optimizedAccepted":11968},"metrics":{"legacy":{"n":30,"p50Ms":19.49370799999997,"p95Ms":20.176874999999995,"meanMs":19.570494466666638},"optimized":{"n":30,"p50Ms":20.262249999999995,"p95Ms":21.36258299999986,"meanMs":20.344822133333302},"ratio":{"p95OptimizedOverLegacy":1.0587656909209113}}}
