{
  "scenario": "selectorGraph.pathCacheKey.targeted",
  "phase": "after",
  "ts": "2026-03-19T03:28:26.249Z",
  "env": {
    "roots": 36,
    "selectors": 1800,
    "txns": 320,
    "warmup": 3,
    "iterations": 12,
    "dirtyPathsPerTxn": 16
  },
  "metricsMs": {
    "p50": 157.7210409999998,
    "p95": 163.68870900000002,
    "mean": 157.57181241666663,
    "min": 149.34299999999985,
    "max": 163.68870900000002
  },
  "changedCount": 0,
  "rawSamplesMs": [
    149.34299999999985,
    154.76083400000016,
    156.62924999999996,
    157.07883299999958,
    157.26245799999992,
    157.7210409999998,
    158.4763750000002,
    158.8095000000003,
    158.90949999999998,
    159.0414159999999,
    159.14083299999993,
    163.68870900000002
  ]
}
