{
  "scenario": "selectorGraph.pathKeyFastAppend.off",
  "mode": "fastAppend.incrementalPathKey",
  "dataset": {
    "txns": 640,
    "roots": 32,
    "dirtyPerTxn": 24,
    "seed": 20260319
  },
  "run": {
    "iterations": 30,
    "warmup": 5
  },
  "behavior": {
    "totalRoots": 15873,
    "digest": 2640405965
  },
  "metricsMs": {
    "p50": 5.312874999999963,
    "p95": 5.910957999999937,
    "mean": 5.3893888666666685
  },
  "capturedAt": "2026-03-19T15:38:56+08:00"
}
