{
  "scenario": "selectorGraph.pathCacheKey.targeted",
  "phase": "before",
  "ts": "2026-03-19T03:23:18.673Z",
  "env": {
    "roots": 36,
    "selectors": 1800,
    "txns": 320,
    "warmup": 3,
    "iterations": 12,
    "dirtyPathsPerTxn": 16
  },
  "metricsMs": {
    "p50": 157.96545800000013,
    "p95": 204.20974999999999,
    "mean": 163.74200691666672,
    "min": 151.3430000000003,
    "max": 204.20974999999999
  },
  "changedCount": 0,
  "rawSamplesMs": [
    151.3430000000003,
    154.16833300000008,
    155.28266699999995,
    156.86962500000004,
    157.5045,
    157.96545800000013,
    160.29512499999987,
    163.265625,
    164.30050000000006,
    167.31250000000023,
    172.38700000000017,
    204.20974999999999
  ]
}
