{
  "scenario": "process.sharedBus.platformHot.targeted",
  "phase": "before",
  "mode": "legacy.mergeAll",
  "ts": "2026-03-19T03:46:09.995Z",
  "env": {
    "sourceCount": 224,
    "platformEvents": 4000,
    "warmup": 3,
    "iterations": 12
  },
  "behavior": {
    "deliveredCount": 4000
  },
  "metricsMs": {
    "p50": 17.222041999999988,
    "p95": 22.069542000000013,
    "mean": 17.581830000000007,
    "min": 15.698208000000022,
    "max": 22.069542000000013
  },
  "rawSamplesMs": [
    17.975082999999984,
    17.222041999999988,
    17.795834000000013,
    17.850792000000013,
    16.77087499999999,
    16.93670800000001,
    16.413542000000007,
    17.89462500000002,
    22.069542000000013,
    17.03400000000005,
    17.320708999999965,
    15.698208000000022
  ]
}
