{
  "scenario": "process.sharedBus.platformHot.targeted",
  "phase": "after",
  "mode": "shared.busQueue",
  "ts": "2026-03-19T03:46:09.995Z",
  "env": {
    "sourceCount": 224,
    "platformEvents": 4000,
    "warmup": 3,
    "iterations": 12
  },
  "behavior": {
    "deliveredCount": 4000
  },
  "metricsMs": {
    "p50": 15.745665999999915,
    "p95": 17.218624999999975,
    "mean": 15.972232750000009,
    "min": 15.163542000000007,
    "max": 17.218624999999975
  },
  "rawSamplesMs": [
    16.370250000000055,
    15.234749999999963,
    15.587750000000028,
    15.163542000000007,
    15.455375000000004,
    15.764917000000082,
    16.663250000000062,
    15.745665999999915,
    15.676459000000023,
    16.37008400000002,
    16.416124999999965,
    17.218624999999975
  ]
}
