{
  "scenario": "o022.action-intent.entry-perf.off",
  "run": {
    "operations": 1500,
    "iterations": 6,
    "warmup": 1,
    "budget": {
      "maxRatio": 1.05,
      "maxCompatRatio": 1.2
    }
  },
  "metrics": {
    "dispatchers": {
      "n": 6,
      "minMs": 132.50925000000007,
      "p50Ms": 133.98412499999995,
      "p95Ms": 171.41662499999984,
      "maxMs": 171.41662499999984
    },
    "action": {
      "n": 6,
      "minMs": 133.1105419999999,
      "p50Ms": 135.78887499999973,
      "p95Ms": 176.69883299999992,
      "maxMs": 176.69883299999992
    },
    "dispatch": {
      "n": 6,
      "minMs": 134.31262500000003,
      "p50Ms": 137.56224999999995,
      "p95Ms": 143.65533300000016,
      "maxMs": 143.65533300000016
    },
    "ratios": {
      "p50DispatchersOverDispatch": 0.9739890485943636,
      "p50DispatchersOverAction": 0.9867091468281198,
      "p50DispatchersVsAction": 1.0134698793607062
    }
  }
}
