{
  "meta": {
    "node": "v22.21.1",
    "platform": "darwin/arm64",
    "runs": 30,
    "warmupDiscard": 5,
    "steps": 200,
    "convergeMode": "dirty",
    "instrumentation": "light"
  },
  "scenarios": {
    "typical": {
      "dirtyRoots": 1,
      "runs": 30,
      "warmupDiscard": 5,
      "mode": "patches",
      "samplesMs": [
        1.2141659999999774,
        0.9002500000000282,
        0.8970829999999523,
        1.1074579999999514,
        0.8149160000000393,
        0.6273750000000291,
        0.4894160000000056,
        0.6073750000000473,
        0.36666600000000926,
        0.3481250000000955,
        1.3986660000000484,
        0.42429200000003675,
        0.36791600000003655,
        0.3905419999999822,
        0.360416999999984,
        0.3770000000000664,
        0.35179200000004585,
        0.3471669999998994,
        0.3835000000000264,
        0.4188329999999496,
        0.37304199999994125,
        0.3605000000000018,
        0.34362499999997453,
        0.33120899999994435,
        0.4755000000000109
      ],
      "stats": {
        "n": 25,
        "medianMs": 0.3905419999999822,
        "p95Ms": 1.1074579999999514
      }
    },
    "extreme": {
      "dirtyRoots": 40,
      "runs": 30,
      "warmupDiscard": 5,
      "mode": "dirtyAll",
      "samplesMs": [
        0.4126250000000482,
        0.5082500000000891,
        0.4252080000001115,
        0.45887500000003456,
        0.41466699999989487,
        0.42791699999997945,
        0.46129099999996015,
        0.42324999999993906,
        0.4552079999999705,
        0.5885000000000673,
        0.42504200000007586,
        0.37295800000003965,
        2.1792910000000347,
        0.3735420000000431,
        0.38420800000005784,
        0.3612079999999196,
        0.3575419999999667,
        0.32654200000001765,
        0.3265410000000202,
        0.4344580000000633,
        0.3496670000000677,
        0.31633400000009715,
        0.29987500000004275,
        0.3211669999999458,
        0.2839999999999918
      ],
      "stats": {
        "n": 25,
        "medianMs": 0.4126250000000482,
        "p95Ms": 0.5082500000000891
      }
    }
  }
}
