{
  "meta": {
    "node": "v22.21.1",
    "platform": "darwin/arm64",
    "runs": 30,
    "warmupDiscard": 5,
    "steps": 200,
    "convergeMode": "dirty",
    "instrumentation": "light"
  },
  "scenarios": {
    "typical": {
      "dirtyRoots": 1,
      "runs": 30,
      "warmupDiscard": 5,
      "mode": "patches",
      "samplesMs": [
        1.2975410000000238,
        0.9631249999999909,
        1.0065839999999753,
        1.205082999999945,
        0.6741670000000113,
        0.5068330000000287,
        0.45212500000002365,
        0.5439580000000888,
        0.3557500000000573,
        0.34416699999997036,
        0.334165999999982,
        0.35979200000008404,
        0.35054200000001856,
        0.3361249999999245,
        0.30624999999997726,
        0.360416999999984,
        0.34495800000001964,
        0.3216660000000502,
        0.33258299999999963,
        0.363790999999992,
        0.3396659999999656,
        0.3153340000000071,
        0.31329199999993307,
        1.2539170000000013,
        0.39904200000000856
      ],
      "stats": {
        "n": 25,
        "medianMs": 0.35979200000008404,
        "p95Ms": 1.205082999999945
      }
    },
    "extreme": {
      "dirtyRoots": 40,
      "runs": 30,
      "warmupDiscard": 5,
      "mode": "dirtyAll",
      "samplesMs": [
        0.4527500000000373,
        0.45070799999996325,
        0.413915999999972,
        0.4093749999999545,
        0.3875829999999496,
        0.3915420000000722,
        0.36679100000003473,
        0.41716699999994944,
        0.4621670000000222,
        0.5798750000000155,
        0.39708299999995234,
        0.37254200000006676,
        0.3969160000000329,
        0.5574169999999867,
        0.4248330000000351,
        0.4399580000000469,
        0.3962500000000091,
        0.3446250000000646,
        0.3288750000000391,
        0.34675000000004275,
        0.3334580000000642,
        0.31454200000007404,
        0.3282499999999118,
        0.2905000000000655,
        0.279042000000004
      ],
      "stats": {
        "n": 25,
        "medianMs": 0.3962500000000091,
        "p95Ms": 0.4621670000000222
      }
    }
  }
}
