{
  "meta": {
    "node": "v22.21.1",
    "platform": "darwin/arm64",
    "runs": 30,
    "warmupDiscard": 5,
    "instanceCount": 1,
    "txnCount": 10000,
    "eventsPerTxn": 1,
    "bufferSize": 500,
    "gc": true
  },
  "levels": [
    {
      "level": "off",
      "runs": 30,
      "warmupDiscard": 5,
      "samplesMs": [
        83.24916699999994,
        85.00579199999993,
        80.06229099999996,
        79.57179100000008,
        108.17612500000018,
        79.78833400000008,
        88.98933299999999,
        77.294083,
        93.91645799999992,
        78.52220800000009,
        76.68483400000014,
        79.01408400000037,
        64.02350000000024,
        103.36070800000016,
        78.29766699999982,
        87.79883299999983,
        79.86637500000006,
        84.95166700000027,
        80.88029200000028,
        77.10024999999996,
        78.23320899999999,
        64.69433300000037,
        92.58191699999998,
        74.09687499999973,
        82.35300000000007
      ],
      "heapDeltaBytesSamples": [
        243400,
        170296,
        191152,
        21904,
        329840,
        229736,
        202696,
        206984,
        111752,
        203672,
        129888,
        184808,
        92536,
        281024,
        180280,
        194456,
        195984,
        112648,
        196584,
        102760,
        182848,
        100656,
        264824,
        181624,
        179224
      ],
      "timeMs": {
        "n": 25,
        "p50": 79.86637500000006,
        "p95": 93.91645799999992
      },
      "heapDeltaBytes": {
        "n": 25,
        "p50": 184808,
        "p95": 264824
      }
    },
    {
      "level": "light",
      "runs": 30,
      "warmupDiscard": 5,
      "samplesMs": [
        201.27774999999997,
        192.28766600000017,
        194.737208,
        209.3705,
        194.37029200000006,
        198.6852090000002,
        193.4402500000001,
        192.1169579999996,
        141.38029199999983,
        126.84083299999975,
        122.46120799999971,
        122.91529199999968,
        118.20683299999973,
        122.16854199999943,
        126.40462500000012,
        121.7387920000001,
        126.71016700000018,
        119.94974999999977,
        138.70550000000003,
        135.1085839999996,
        124.10604200000034,
        131.175792,
        128.73170899999968,
        123.32679200000075,
        122.47700000000077
      ],
      "heapDeltaBytesSamples": [
        231856,
        176280,
        -1936,
        189856,
        184312,
        180624,
        -28648,
        202720,
        102184,
        259656,
        226136,
        145744,
        188184,
        122736,
        224344,
        111200,
        237592,
        111256,
        216464,
        136584,
        207464,
        114312,
        219880,
        142472,
        215800
      ],
      "timeMs": {
        "n": 25,
        "p50": 128.73170899999968,
        "p95": 198.6852090000002
      },
      "heapDeltaBytes": {
        "n": 25,
        "p50": 184312,
        "p95": 231856
      }
    },
    {
      "level": "full",
      "runs": 30,
      "warmupDiscard": 5,
      "samplesMs": [
        201.30375000000004,
        191.9409579999999,
        196.6031250000001,
        208.48275000000012,
        194.46695900000032,
        198.11720800000012,
        192.87537500000008,
        192.35504100000026,
        143.147375,
        129.5915,
        123.17995799999971,
        131.77979200000027,
        119.68558399999984,
        123.97325000000046,
        126.90808299999935,
        126.34095799999977,
        126.97679100000005,
        129.38041599999997,
        142.402333,
        138.1642499999998,
        124.92120799999975,
        134.91399999999976,
        128.8864590000003,
        130.29412500000035,
        118.5536659999998
      ],
      "heapDeltaBytesSamples": [
        51872,
        7288,
        2472,
        21040,
        35424,
        11648,
        -23232,
        29488,
        -112048,
        168888,
        -21776,
        45048,
        -17048,
        25472,
        -6552,
        15960,
        -4736,
        26696,
        -37192,
        29024,
        -16640,
        12232,
        -10208,
        34808,
        214456
      ],
      "timeMs": {
        "n": 25,
        "p50": 131.77979200000027,
        "p95": 198.11720800000012
      },
      "heapDeltaBytes": {
        "n": 25,
        "p50": 12232,
        "p95": 51872
      }
    }
  ]
}
