{
  "meta": {
    "createdAt": "2026-02-27T01:32:57.642Z",
    "benchmark": "o024-txn-lane-policy-cache",
    "iterations": 40000,
    "rounds": 12,
    "warmupRounds": 3
  },
  "legacy": {
    "samplesMs": [
      348.67241699999977,
      454.18945799999983,
      278.85570899999993,
      464.3546669999996,
      449.35300000000007,
      253.81716700000015,
      342.1969170000002,
      644.6131670000004,
      334.3959169999998,
      381.4880830000002,
      421.54554199999984,
      244.7768329999999
    ],
    "p50Ms": 348.67241699999977,
    "p95Ms": 644.6131670000004,
    "meanMs": 384.85490641666667,
    "stddevMs": 107.16924314046622,
    "perIterUs": {
      "p50": 8.716810424999995,
      "p95": 16.11532917500001,
      "mean": 9.621372660416668
    }
  },
  "captureCache": {
    "samplesMs": [
      0.7108749999997599,
      0.551792000000205,
      2.881083000000217,
      0.37904100000014296,
      0.3914999999997235,
      0.695625000000291,
      0.5182920000006561,
      0.5047080000003916,
      0.4324590000005628,
      64.81916700000056,
      1.1760420000000522,
      0.4406669999998485
    ],
    "p50Ms": 0.5182920000006561,
    "p95Ms": 64.81916700000056,
    "meanMs": 6.125104250000201,
    "stddevMs": 17.709461973837282,
    "perIterUs": {
      "p50": 0.012957300000016403,
      "p95": 1.620479175000014,
      "mean": 0.15312760625000504
    }
  },
  "delta": {
    "p50Ms": -348.1541249999991,
    "p95Ms": -579.7939999999999,
    "meanMs": -378.72980216666645,
    "speedupRatioP50": 672.7335498127665,
    "speedupRatioP95": 9.94479251792907,
    "speedupRatioMean": 62.83238467600842
  },
  "analysis": {
    "captureCacheOutlierNote": "captureCache tail variance observed (p50=0.518292ms, p95=64.819167ms, stddev=17.709462ms). A single large sample in samplesMs is expected under GC/JIT warm-up noise and is not treated as a functional regression."
  }
}
