{
  "mode": "on",
  "samples": {
    "urgentMs": [
      0.32558300000005147,
      0.3629169999999249,
      0.2963330000000042,
      0.5649580000001606,
      0.3600829999998041,
      0.3160000000000309,
      0.4500409999998283,
      0.32845799999995506,
      0.3947089999999207,
      0.30416700000000674,
      0.3470830000001115,
      0.314958999999817,
      0.36895800000002055,
      0.29945900000006986,
      0.33991599999990285,
      0.28637499999990723,
      0.3234580000000733,
      0.2947079999999005,
      0.3296250000000782,
      0.29758300000003146,
      0.327750000000151,
      0.40658299999995506,
      0.39554099999986647,
      0.29137500000001637,
      0.39845900000000256,
      0.3028340000000753,
      0.3192919999999049,
      0.2959579999999278,
      0.3402920000000904,
      0.30750000000011823
    ],
    "catchUpMs": [
      9.79404199999999,
      10.957374999999956,
      8.834250000000111,
      12.309375000000045,
      17.508749999999964,
      9.043959000000086,
      9.615792000000056,
      9.535000000000082,
      9.061958000000004,
      9.473083999999972,
      9.547415999999885,
      8.858249999999998,
      9.657999999999902,
      9.411916999999903,
      9.513041999999814,
      8.885041000000001,
      9.548291000000063,
      8.565082999999959,
      9.796374999999898,
      8.41687499999989,
      9.064665999999988,
      8.458041999999978,
      9.977167000000009,
      9.089291999999887,
      9.913416999999981,
      9.14104199999997,
      9.311208999999963,
      9.007292000000007,
      9.33679200000006,
      8.599332999999888
    ]
  },
  "stats": {
    "urgentMs": {
      "n": 30,
      "p50Ms": 0.32558300000005147,
      "p95Ms": 0.40658299999995506
    },
    "catchUpMs": {
      "n": 30,
      "p50Ms": 9.33679200000006,
      "p95Ms": 10.957374999999956
    }
  }
}
