{
  "mode": "on",
  "samples": {
    "urgentMs": [
      0.5573340000000826,
      0.33779200000003584,
      0.31579199999987395,
      0.5701249999999618,
      0.32779200000004494,
      0.2821670000000722,
      0.3983339999999771,
      0.2907910000001266,
      0.4001660000001266,
      0.31291600000008657,
      0.41629199999988487,
      0.2870829999999387,
      0.39525000000003274,
      0.29629099999988284,
      0.30950000000007094,
      0.28300000000012915,
      0.4167499999998654,
      0.3155829999998332,
      0.38104100000009566,
      0.2817090000000917,
      0.38008300000001327,
      0.321666999999934,
      0.3862500000000182,
      0.2955419999998412,
      0.3843339999998534,
      0.2976249999999254,
      0.5472079999999551,
      0.280292000000145,
      0.3495419999999285,
      0.41762500000004366
    ],
    "catchUpMs": [
      10.336875000000191,
      11.174374999999827,
      8.698666000000003,
      10.482041999999865,
      15.952457999999979,
      8.689834000000019,
      9.401083000000199,
      9.054707999999891,
      9.830040999999937,
      8.665459000000055,
      9.570458000000144,
      9.385167000000138,
      9.075333,
      8.757833000000119,
      9.468249999999898,
      8.37299999999982,
      9.183374999999842,
      8.863624999999956,
      9.69379200000003,
      8.977666,
      9.00474999999983,
      8.538082999999915,
      9.564458999999943,
      8.890124999999898,
      9.034042,
      8.516208000000006,
      9.207125000000133,
      7.9960839999998825,
      8.715791999999965,
      9.279166999999916
    ]
  },
  "stats": {
    "urgentMs": {
      "n": 30,
      "p50Ms": 0.32779200000004494,
      "p95Ms": 0.5472079999999551
    },
    "catchUpMs": {
      "n": 30,
      "p50Ms": 9.054707999999891,
      "p95Ms": 10.482041999999865
    }
  }
}
