{
  "mode": "off",
  "samples": {
    "urgentMs": [
      0.4582500000000209,
      0.4194999999999709,
      0.36983299999997143,
      0.49520799999993415,
      0.4982909999999947,
      0.3914580000000569,
      0.3718749999999318,
      0.35904200000004494,
      0.4237080000000333,
      0.36029099999996106,
      0.3543329999999969,
      0.40037499999994,
      0.3368749999999636,
      0.375583000000006,
      0.33529199999998127,
      0.35195900000007896,
      0.3456670000000486,
      0.3507080000000542,
      0.3963749999999209,
      0.4343749999999318,
      0.3748329999999669,
      0.41154199999994034,
      0.3338330000000269,
      0.33816699999999855,
      0.33741699999995944,
      0.3968330000000151,
      0.4347500000001219,
      0.35154099999999744,
      0.3956670000000031,
      0.34104199999978846
    ],
    "catchUpMs": [
      14.164958999999953,
      7.289834000000042,
      13.249707999999941,
      8.03029099999992,
      14.387082999999961,
      7.218833000000018,
      14.137708000000089,
      6.935124999999971,
      14.163625000000025,
      7.008333999999991,
      13.840166999999951,
      7.036416000000031,
      14.074166999999989,
      6.999625000000037,
      13.685374999999908,
      6.766375000000039,
      14.090708999999947,
      6.933667000000014,
      13.561125000000061,
      7.196165999999948,
      12.646583999999962,
      6.979832999999985,
      12.988790999999992,
      6.834958000000029,
      13.973125000000095,
      7.04320800000005,
      14.140916999999945,
      6.717250000000149,
      14.107334000000037,
      6.7693329999999605
    ]
  },
  "stats": {
    "urgentMs": {
      "n": 30,
      "p50Ms": 0.3718749999999318,
      "p95Ms": 0.4582500000000209
    },
    "catchUpMs": {
      "n": 30,
      "p50Ms": 8.03029099999992,
      "p95Ms": 14.163625000000025
    }
  }
}
