{
  "mode": "off",
  "samples": {
    "urgentMs": [
      0.5155410000000984,
      0.4631249999999909,
      0.4881670000000895,
      0.5993339999999989,
      0.46241700000007313,
      0.44383300000004056,
      0.40812499999992724,
      0.39308299999993324,
      0.41741700000000037,
      0.42087500000002365,
      0.40316600000005565,
      0.4152919999999085,
      0.3886250000000473,
      0.36950000000001637,
      0.403583000000026,
      0.3951670000001286,
      0.3429169999999431,
      0.34312500000010004,
      0.4379590000000917,
      0.3941250000000309,
      0.3947080000000369,
      0.37437499999987267,
      0.4134159999998701,
      0.38087500000006,
      0.43849999999997635,
      0.34904100000017024,
      0.3485410000000684,
      0.34987500000011096,
      0.3332500000001346,
      0.35904100000016115
    ],
    "catchUpMs": [
      15.23483299999998,
      7.432333999999969,
      15.401500000000055,
      7.999790999999959,
      15.673791000000051,
      7.824666999999977,
      14.709499999999935,
      7.054250000000025,
      14.64833299999998,
      7.153165999999942,
      14.601207999999929,
      7.203374999999937,
      14.978417000000036,
      7.023292000000083,
      14.448499999999967,
      7.328416999999945,
      14.223541999999952,
      6.752291999999898,
      13.673084000000017,
      7.33729100000005,
      13.132207999999991,
      7.064333000000033,
      14.914375000000064,
      7.043416999999863,
      14.517791999999872,
      6.761250000000018,
      14.044957999999951,
      6.790124999999989,
      14.46049999999991,
      7.075250000000096
    ]
  },
  "stats": {
    "urgentMs": {
      "n": 30,
      "p50Ms": 0.3951670000001286,
      "p95Ms": 0.4881670000000895
    },
    "catchUpMs": {
      "n": 30,
      "p50Ms": 7.999790999999959,
      "p95Ms": 15.23483299999998
    }
  }
}
