{
  "meta": {
    "createdAt": "2025-12-30T18:10:48.589Z",
    "generator": ".codex/skills/logix-perf-evidence/scripts/060-react-priority-scheduling.txn-lanes-workloop.ts",
    "envId": "darwin-arm64.nodev22.21.1",
    "config": {
      "runs": 30,
      "warmupDiscard": 5,
      "steps": 1024,
      "computeIters": 4000,
      "delayMs": 1,
      "lanePolicy": {
        "debounceMs": 0,
        "maxLagMs": 50,
        "budgetMs": 1
      }
    }
  },
  "before": {
    "urgentMs": {
      "n": 30,
      "p50Ms": 0.3951670000001286,
      "p95Ms": 0.4881670000000895
    },
    "catchUpMs": {
      "n": 30,
      "p50Ms": 7.999790999999959,
      "p95Ms": 15.23483299999998
    }
  },
  "after": {
    "urgentMs": {
      "n": 30,
      "p50Ms": 0.32558300000005147,
      "p95Ms": 0.40658299999995506
    },
    "catchUpMs": {
      "n": 30,
      "p50Ms": 9.33679200000006,
      "p95Ms": 10.957374999999956
    }
  },
  "deltas": {
    "urgentP95Ratio": 0.8328768638598687,
    "catchUpP95Ratio": 0.7192317106462519
  }
}
